Asset,Description,Location,IsProblematic,Preventative Maintenance,Plant Area,Parent,YTD Direct Costs,YTD Rolled Costs,Life Direct Costs,UniqueLocation,Life Rolled Costs
7152,CY-1823   (Cooling Tube Spark Detector Element),AE-18801A,No,,DDG,,0,$0.00,0,1,$0.00
7153,CY-1823  (Cooling Tube Spark Detector Element),AE-18801B,No,,DDG,,0,$0.00,0,1,$0.00
3617,COMBUSTION OXYGEN MONITOR,AT-18140,No,,DRYER A,,0,$0.00,225,1,$225.00
3618,FILTER REGULATOR / COALESCING FILTER COMBO,AT-18140,No,,DRYER A,,0,$0.00,0,0,$0.00
3619,FILTER REGULATOR / COALESCING FILTER COMBO,AT-18141,No,,DRYER A,,0,$0.00,0,1,$0.00
3620,COMBUSTION OXYGEN MONITOR,AT-18141,No,,DRYER A,,0,$0.00,0,0,$0.00
1239,CY-1823  (Cooling Tube Spark Detector Transmitter),AT-18801A,No,,DDG,,0,$0.00,0,1,$0.00
1240,CY-1823  (Cooling Tube Spark Detector Transmitter),AT-18801B,No,,DDG,,0,$0.00,0,1,$0.00
1278,"BUCKET ELEVATOR, MARTIN, C147-124, 14"" x 7""",BE-1805,No,,DDG,,136,$136.00,69001.6,1,"$69,001.60"
1289,"BLOWER, NYB, SERIES 20, GI, SIZE 454, CCW, UB, Arrg't 9, 15000CFM, S.P.9""H20, 956RPM,",BL-1801D,No,,DRYER D,,0,$0.00,8750.57,1,"$8,750.57"
7012,"MOTOR, RELIANCE ELECTRIC, 40HP / 1770RPM / TEFC / 575V/3PH/60HZ / 324T FRAME",BL-1801D,No,,DRYER D,1289,0,$0.00,0,0,$0.00
1290,"BLOWER, IAP, MODEL XRT SIZE 445, CW/UB, Arrg't 12",BL-1802,No,,DRYER D,,544,$544.00,125118.79,1,"$125,118.79"
7029,250HP / 1785RPM / TEFC / 575V/3PH/60HZ / 504/5T FRAME,BL-1802,No,,DRYER D,1290,0,$0.00,0,0,$0.00
1292,"BLOWER, NYB, SERIES 30 GI, MODEL 854, DH, 88,000CFM, 11.4in wg, 735RPM,",BL-1803D,No,,DRYER D,,147,$147.00,155652.64,1,"$155,652.64"
1293,"BLOWER, NYB, MODEL 714 SERIES 45, GENERAL INDUSTRIAL, CW/UB, Arrg't 8",BL-1804D,No,,DRYER D,,20348.34,"$20,348.34",304775.74,1,"$304,775.74"
6864,MOTOR / 450HP / 1200RPM / TEFC / 2300V/3PH/60HZ / FR# 5808C,BL-1804D,No,,DRYER D,1293,0,$0.00,0,0,$0.00
1294,DDGS COOLER BLOWER,BL-1824,No,,DRYER A,,829,$829.00,28481.28,1,"$28,481.28"
10032,"BLOWER, HOWDEN, FAN MODEL E20S-7125",BL-1825,No,,DRYER A,,0,$0.00,225,1,$225.00
10033,300HP / 1200RPM / TEFC / 575V/3PH/60HZ / 5009B FRAME,BL-1825,No,,DRYER A,10032,0,$0.00,0,0,$0.00
10034,"BLOWER, HOWDEN, FAN MODEL E40S-8700 SWSI CCW TAU Arrg't7",BL-1829,Yes,,DRYER A,,0,$0.00,10266.51,1,"$10,784.01"
2868,600HP / 1200RPM / TEFC / 575V/3PH/60HZ / 5810B FRAME,BL-1829,Yes,,DRYER A,10034,0,$0.00,517.5,0,$517.50
10036,"BLOWER, HOWDEN, FAN MODEL EPB4S-5750",BL-1832,No,,DRYER A,,0,$0.00,3619.85,1,"$3,664.85"
10037,200HP / 1800RPM / TEFC / 575V/3PH/60HZ / 447T FRAME,BL-1832,No,,DRYER A,10036,0,$0.00,45,0,$45.00
1850,WET CAKE DOSING BIN,BN-1826,No,,DRYER A,,0,$0.00,90,1,$90.00
1365,DRYER D VENT SCRUBBER,C-1803D,No,,DRYER D,,45,$45.00,21516.32,1,"$21,516.32"
1366,DRYER SCRUBBER,C-1804D,No,,TGF,,0,$0.00,6645.12,1,"$6,645.12"
1367,TRULY GREEN FARMS CONDENSER,C-1840,No,,TGF,,9323.32,"$9,323.32",19060.13,1,"$19,060.13"
1390,DDGS COOLER HYDRAULIC POWER UNIT,CO-1824,No,,DRYER A,,0,$0.00,17074.07,1,"$17,074.07"
1414,"ICM, SCREW, 18"" DIA x 17'-8"", 104000 LB/HR, 70 RPM",CV-1801D,No,,DRYER D,,1405.42,"$1,405.42",175829.93,1,"$175,829.93"
1416,"ICM, SCREW, 16"" DIA x 18'-0"", 64746 LB/HR, 40.4 RPM",CV-1802D,No,,DRYER D,,1505.51,"$1,505.51",16773.92,1,"$16,773.92"
1418,"ICM, DRAG, 18"" x 16"", 34620 LB/HR, 99 FPM",CV-1803D,No,,DRYER D,,51,$51.00,83608.04,1,"$83,608.04"
1420,"MARTIN, SCREW, 20"" DIA x 12'-10"" LG 316SS, 3600 CFH, 58 RPM",CV-1804D,No,,DRYER D,,51,$51.00,42429.38,1,"$42,429.38"
1421,PRODUCT DISCHARGE SCREW CONVEYOR (MCC-3814),CV-1805,No,,DDG,,51,$51.00,7926.99,1,"$7,926.99"
1422,DC-1802  BAGHOUSE COOLER DISCHARGE CV (MCC-3814),CV-1807,No,,DDG,,42.5,$42.50,16693.27,1,"$16,693.27"
1424,"ICM, SCREW, 9"" DIA, xx , xx",CV-1812D,No,,DRYER D,,13539.5,"$13,539.50",64652.26,1,"$64,652.26"
1426,"ICM, SCREW, 9"" DIA, xx , xx",CV-1813D,No,,DRYER D,,4407.36,"$4,407.36",13217.02,1,"$13,217.02"
1427,"MITCHELL MILL SYSTEMS, U-TROUGH SCREW, 14H508 RHFP, 14"", 18.5 MTPH, 42 RPM",CV-1823,No,,DDG,,79,$79.00,28692.97,1,"$28,692.97"
1428,"MITCHELL MILL SYSTEMS, SCREW, 12H512 RHFP, 12"", 1630 CFH, xx",CV-1824,No,,DDG,,312.92,$312.92,31702.87,1,"$31,702.87"
2486,7.5 HP / 3520 RPM / TEFC / 575V/3PH/60HZ / FRAME#213TC,CV-1826A,No,,DRYER A,,0,$0.00,0,1,$0.00
2502,"AMF-BRUNS, SCREW, 16"" DIA, 30.8 M^3/HR, xx",CV-1826A,No,,DRYER A,,0,$0.00,0,0,$0.00
2507,SEW PARALLEL SHAFT HELICAL GEAR UNIT FHZ127 R77 AM213/215,CV-1826A,No,,DRYER A,,0,$0.00,7949.67,0,"$7,949.67"
2487,7.5 HP / 3520 RPM / TEFC / 575V/3PH/60HZ / FRAME#213TC,CV-1826B,No,,DRYER A,,0,$0.00,517.5,1,$517.50
2503,"AMF-BRUNS, SCREW, 16"" DIA, 30.8 M^3/HR, xx",CV-1826B,No,,DRYER A,,0,$0.00,0,0,$0.00
2508,SEW PARALLEL SHAFT HELICAL GEAR UNIT FHZ127 R77 AM213/215,CV-1826B,No,,DRYER A,,0,$0.00,0,0,$0.00
2488,5 HP / 1800 RPM / TEFC / 575V/3PH/60HZ / FRAME#184T,CV-1827,No,,DRYER A,,0,$0.00,0,1,$0.00
2509,DORRIS 115TR25 SHAFT MOUNTED SPEED REDUCER,CV-1827,No,,DRYER A,,0,$0.00,0,0,$0.00
2522,"CONTINENTAL , SCREW, 16"" DIA x 14'-5 1/2"" LG, 24158 KG/HR, 40 RPM",CV-1827,No,,DRYER A,,0,$0.00,0,0,$0.00
2489,40 HP / 1800 RPM / TEFC / 575V/3PH/60HZ / FRAME#324T,CV-1828,Yes,,DRYER A,,0,$0.00,0,1,$0.00
2514,DORRIS 307TR25F2 SHAFT MOUNTED SPEED REDUCER,CV-1828,Yes,,DRYER A,,0,$0.00,0,0,$0.00
2523,"CONTINENTAL , SCREW, 26"" DIA x 31'-5 5/8"" LG, 80000 KG/HR, 60 RPM",CV-1828,Yes,,DRYER A,,0,$0.00,6155.1,0,"$6,155.10"
2490,20 HP / 1760 RPM / TEFC / 575V/3PH/60HZ / FRAME#256T,CV-1830,No,,DRYER A,,0,$0.00,0,1,$0.00
2515,DORRIS 315TR25 SHAFT MOUNTED SPEED REDUCER,CV-1830,No,,DRYER A,,0,$0.00,0,0,$0.00
2524,"CONTINENTAL , CHAIN, MODEL HB-25"", 80275 KG/HR, 80 FPM",CV-1830,No,,DRYER A,,0,$0.00,247.5,0,$247.50
2491,10 HP / 1800 RPM / TEFC / 575V/3PH/60HZ / FRAME#215T,CV-1831,No,,DRYER A,,0,$0.00,0,1,$0.00
2516,DORRIS 207TR25 SHAFT MOUNTED SPEED REDUCER,CV-1831,No,,DRYER A,,0,$0.00,0,0,$0.00
2525,"CONTINENTAL , SCREW, 14"" DIA x 9'-11"" LG, 12041 KG/HR, 30 RPM",CV-1831,No,,DRYER A,,0,$0.00,0,0,$0.00
2492,10 HP / 1800 RPM / TEFC / 575V/3PH/60HZ / FRAME#215T,CV-1832,No,,DRYER A,,0,$0.00,0,1,$0.00
2517,DORRIS 207TR25 SHAFT MOUNTED SPEED REDUCER,CV-1832,No,,DRYER A,,0,$0.00,0,0,$0.00
2526,"CONTINENTAL , SCREW, 14"" DIA x 9'-11"" LG, 12041 KG/HR, 30 RPM",CV-1832,No,,DRYER A,,0,$0.00,0,0,$0.00
2493,7.5 HP / 1800 RPM / TEFC / 575V/3PH/60HZ / FRAME#213T,CV-1833,No,,DRYER A,,0,$0.00,0,1,$0.00
2518,DORRIS 207TR25 SHAFT MOUNTED SPEED REDUCER,CV-1833,No,,DRYER A,,0,$0.00,0,0,$0.00
2527,"CONTINENTAL , SCREW, 20"" DIA x 9'-1 13/16"" LG, 53890 KG/HR, 35 RPM",CV-1833,No,,DRYER A,,0,$0.00,67.5,0,$67.50
2494,7.5 HP / 1800 RPM / TEFC / 575V/3PH/60HZ / FRAME#213T,CV-1834,No,,DRYER A,,0,$0.00,0,1,$0.00
2519,DORRIS 203TR25 SHAFT MOUNTED SPEED REDUCER,CV-1834,No,,DRYER A,,0,$0.00,0,0,$0.00
2528,"CONTINENTAL , SCREW, 14"" DIA x 20'-2"" LG, 15606 KG/HR, 44 RPM",CV-1834,No,,DRYER A,,0,$0.00,0,0,$0.00
2495,10 HP / 1800 RPM / TEFC / 575V/3PH/60HZ / FRAME#215T,CV-1835,No,,DRYER A,,0,$0.00,0,1,$0.00
2520,DORRIS 207TR25 SHAFT MOUNTED SPEED REDUCER,CV-1835,No,,DRYER A,,0,$0.00,0,0,$0.00
2529,"TRAMCO, CHAIN, BULK FLO 15 x 8, 2062 CFH, 99.5 FPM",CV-1835,No,,DRYER A,,0,$0.00,805,0,$805.00
2496,20 HP / 1760 RPM / TEFC / 575V/3PH/60HZ / FRAME#256T,CV-1836,No,,DRYER A,,0,$0.00,0,1,$0.00
2521,DORRIS 407TR40 SHAFT MOUNTED SPEED REDUCER,CV-1836,No,,DRYER A,,0,$0.00,0,0,$0.00
2530,"TRAMCO, CHAIN, BULK FLO 20 x 8, 3375 CFH, 100.1 FPM",CV-1836,No,,DRYER A,,0,$0.00,0,0,$0.00
1443,DRYER D CYCLONE 1,CY-1801D,No,,DRYER D,,8217.5,"$8,217.50",9863.5,1,"$9,863.50"
1445,DRYER D CYLONE 2,CY-1802D,No,,DRYER D,,10087,"$10,087.00",10267,1,"$10,267.00"
1447,DRYER D CYCLONE 3,CY-1803D,No,,DRYER D,,3920,"$3,920.00",6912,1,"$6,912.00"
1449,DRYER D CYCLONE 4,CY-1804D,No,,DRYER D,,6040,"$6,040.00",6130,1,"$6,130.00"
1450,"CYCLONE ASSEMBLY, FEDCO MFG, 12'-0"" DIA",CY-1823,No,,DRYER A,,22.5,$22.50,21759.01,1,"$21,759.01"
1451,"CYCLONE ASSEMBLY, MILLPRO INDUSTRIES, MODEL 1H47",CY-1824,No,,DRYER A,,4464.96,"$4,464.96",62360.41,1,"$62,360.41"
2533,"CYCLONE ASSEMBLY, RIGHT HAND, DEDERT MODEL# CYCL-11 A",CY-1826,No,,DRYER A,,0,$0.00,1539.84,1,"$1,539.84"
2534,"CYCLONE ASSEMBLY, RIGHT HAND, DEDERT MODEL# CYCL-11 B",CY-1827,No,,DRYER A,,0,$0.00,427.5,1,$427.50
2535,"CYCLONE ASSEMBLY, LEFT HAND, DEDERT MODEL #CYCL-12 A",CY-1828,No,,DRYER A,,0,$0.00,180,1,$180.00
2536,"CYCLONE ASSEMBLY, LEFT HAND, DEDERT MODEL# CYCL-12 B",CY-1829,No,,DRYER A,,0,$0.00,1215,1,"$1,215.00"
1456,DDGS COOLING BAG HOUSE DUST COLLECTOR,DC-1802,No,,DDG,,6292,"$6,292.00",484401.37,1,"$484,401.37"
2538,FIKE FLAMELESS VENT - E34-004-3636,DC-1834,Yes,,DRYER A,6996,0,$0.00,0,1,$0.00
2539,FIKE FLAMELESS VENT - E34-004-3636,DC-1834,Yes,,DRYER A,6996,0,$0.00,0,0,$0.00
6996,"DUST COLLECTOR, IMF, MODEL XXX",DC-1834,Yes,,DRYER A,,0,$0.00,0,0,$0.00
1466,"ROTARY DRYER, ICM",DR-1801D,No,,DRYER D,,51860.39,"$52,078.39",799936.34,1,"$842,765.04"
1597,DR-1801D BURNER MANAGEMENT SYSTEM,DR-1801D,No,,DRYER D,1466,218,$218.00,42828.7,0,"$42,828.70"
7011,"GEARBOX, DORRIS, 415TR25, SER# 31396 or SER#27639",DR-1801D,No,,DRYER D,1466,0,$0.00,0,0,$0.00
2541,SWISS COMBI ROTARY DRYER DRUM,DR-1826,No,,DRYER A,,0,$0.00,1038184.34,1,"$1,057,239.82"
2542,SEW GEARBOX - LEFT HAND DRIVE -,DR-1826,No,,DRYER A,2553,0,$0.00,0,0,$0.00
2543,SEW GEARBOX - LEFT HAND DRIVE,DR-1826,No,,DRYER A,2555,0,$0.00,0,0,$0.00
2544,SEW GEARBOX - RIGHT HAND DRIVE,DR-1826,No,,DRYER A,2554,0,$0.00,0,0,$0.00
2545,SEW GEARBOX - RIGHT HAND DRIVE,DR-1826,No,,DRYER A,2556,0,$0.00,0,0,$0.00
2547,MOTOR / 25HP / 1800RPM / TEFC / 575V/3PH/60HZ / FRAME# 284TC,DR-1826,No,,DRYER A,2553,0,$0.00,0,0,$0.00
2549,MOTOR / 25HP / 1800RPM / TEFC / 575V/3PH/60HZ / FRAME# 284TC,DR-1826,No,,DRYER A,2554,0,$0.00,0,0,$0.00
2550,MOTOR / 25HP / 1800RPM / TEFC / 575V/3PH/60HZ / FRAME# 284TC,DR-1826,No,,DRYER A,2555,0,$0.00,0,0,$0.00
2552,MOTOR / 25HP / 1800RPM / TEFC / 575V/3PH/60HZ / FRAME# 284TC,DR-1826,No,,DRYER A,2556,0,$0.00,0,0,$0.00
2553,TRUNNION (A) - LEFT HAND DRIVE,DR-1826,No,,DRYER A,2541,0,$0.00,125,0,$125.00
2554,TRUNNION (B)- RIGHT HAND DRIVE,DR-1826,No,,DRYER A,2541,0,$0.00,11181.61,0,"$11,181.61"
2555,TRUNNION (D) - LEFT HAND DRIVE,DR-1826,No,,DRYER A,2541,0,$0.00,507.5,0,$507.50
2556,TRUNNION (C) - RIGHT HAND DRIVE,DR-1826,No,,DRYER A,2541,0,$0.00,0,0,$0.00
2557,THRUST ROLLER ASSEMBLY,DR-1826,No,,DRYER A,2541,0,$0.00,1288,0,"$1,288.00"
2558,THRUST ROLLER ASSEMBLY,DR-1826,No,,DRYER A,2541,0,$0.00,0,0,$0.00
2559,TRUNNION LUBRICATION SYSTEM,DR-1826,No,,DRYER A,2541,0,$0.00,5953.37,0,"$5,953.37"
1532,Geelen Counterflow Product Cooler,E-1824,No,,DDG,,0,$0.00,32206.66,1,"$32,206.66"
2560,ecoDRY HEAT EXCHANGER,E-1825,No,,DRYER A,,0,$0.00,41698.79,1,"$41,698.79"
2561,DRYER A - DDG PRODUCT COOLER,E-1834,Yes,,DRYER A,,0,$0.00,900,1,$900.00
2562,HYDRAULIC FLUID COOLER,E-1834B,No,,DRYER A,,0,$0.00,135,1,$135.00
1534,TRULY GREEN CONDENSOR CIRCULATING EXCHANGER,E-1840A,No,,TGF,,1331.5,"$1,331.50",25851.25,1,"$25,851.25"
1535,TRULY GREEN CONDENSOR CIRCULATING EXCHANGER,E-1840B,No,,TGF,,67.5,$67.50,35475.1,1,"$35,475.10"
1536,TRULY GREEN CONDENSOR BLOWDOWN EXCHANGER,E-1841A,No,,TGF,,0,$0.00,4108.34,1,"$4,108.34"
1537,TRULY GREEN CONDENSOR BLOWDOWN EXCHANGER,E-1841B,No,,TGF,,0,$0.00,34,1,$34.00
2563,"EJECTOR, PICK, 6x75 HEATER",EJ-1837,Yes,,DRYER A,,0,$0.00,12311.9,1,"$12,311.90"
6913,"FLOW ELEMENT, FCI, MODEL 102",FE-18110A,No,,DRYER A,,0,$0.00,9,1,$9.00
6914,"FLOW ELEMENT, FCI, MODEL 102",FE-18110B,No,,DRYER A,,0,$0.00,0,1,$0.00
6915,"FLOW ELEMENT, FCI, MODEL 102",FE-18111A,No,,DRYER A,,0,$0.00,0,1,$0.00
6916,"FLOW ELEMENT, FCI, MODEL 102",FE-18111B,No,,DRYER A,,0,$0.00,0,1,$0.00
1743,FE-1824 DDGS COOLER DISTRIBUTOR,FE-1824,No,,DDG,,0,$0.00,3160.81,1,"$3,160.81"
3695,FLOW ORIFICE,FO-18618,No,,DRYER A,,0,$0.00,0,1,$0.00
3611,"FT, THERMAL MASS, FCI, ST102 SERIES",FT-18110,Yes,,DRYER A,,0,$0.00,562.5,1,$562.50
3612,"FT, THERMAL MASS, FCI, ST102 SERIES",FT-18111,Yes,,DRYER A,,0,$0.00,157.5,1,$157.50
3614,"FT, THERMAL MASS, FCI, ST100 SERIES",FT-18112,No,,DRYER A,,0,$0.00,0,1,$0.00
3615,"FT, MAGNETIC, ENDRESS+HAUSER, PROMAG P, xx",FT-18153,No,,DRYER A,,0,$0.00,315,1,$315.00
3616,"FT, MAGNETIC, ENDRESS+HAUSER, PROMAG P, xx",FT-18161,No,,DRYER A,,0,$0.00,11.25,1,$11.25
7018,"FCV, COMENCO, PAH-1285-56.0-KZI, 24"" BUTTERFLY VALVE",FV-18110,No,,DRYER A,,204,$0.00,1829,1,$0.00
2481,DRYER D COMBUSTION AIR BURNER,H-1801D,No,,DRYER D,,0,$0.00,57330.1,1,"$57,330.10"
2565,"BURNER, COMENCO, MODEL PAH-1285-56.0-KZI, THERMAL OXIDIZER",H-1825,No,,DRYER A,,0,$0.00,4626.08,1,"$4,626.08"
2566,BURNER VALVE TRAIN (H-1825),H-1825,No,,DRYER A,,0,$0.00,0,0,$0.00
6706,"CONTROL CONCEPTS MODEL VA-06 (3/4"") AIRSWEEP; 316L",HY-18219A,No,,DRYER A,,0,$0.00,0,1,$0.00
6707,"CONTROL CONCEPTS MODEL VA-06 (3/4"") AIRSWEEP; 316L",HY-18219B,No,,DRYER A,,0,$0.00,90,1,$90.00
6708,"CONTROL CONCEPTS MODEL VA-06 (3/4"") AIRSWEEP; 316L",HY-18219C,No,,DRYER A,,0,$0.00,0,1,$0.00
6709,"CONTROL CONCEPTS MODEL VA-06 (3/4"") AIRSWEEP; 316L",HY-18219D,No,,DRYER A,,0,$0.00,0,1,$0.00
3697,LIMIT SWITCH - CLOSED,HZSC-18148,No,,DRYER A,,0,$0.00,0,1,$0.00
3701,LIMIT SWITCH,HZSC-18153,No,,DRYER A,,0,$0.00,0,1,$0.00
3703,LIMIT SWITCH,HZSC-18155,No,,DRYER A,,0,$0.00,0,1,$0.00
3705,LIMIT SWITCH,HZSC-18166,No,,DRYER A,,0,$0.00,0,1,$0.00
3706,LIMIT SWITCH,HZSC-18167,No,,DRYER A,,0,$0.00,0,1,$0.00
3728,LIMIT SWITCH,HZSC-18168,No,,DRYER A,,0,$0.00,0,1,$0.00
3729,LIMIT SWITCH,HZSC-18169,No,,DRYER A,,0,$0.00,0,1,$0.00
3740,LIMIT SWITCH,HZSC-18175A,No,,DRYER A,,0,$0.00,180,1,$180.00
3741,LIMIT SWITCH,HZSC-18175B,No,,DRYER A,,0,$0.00,0,1,$0.00
3742,LIMIT SWITCH,HZSC-18177A,No,,DRYER A,,0,$0.00,0,1,$0.00
3743,LIMIT SWITCH,HZSC-18177B,No,,DRYER A,,0,$0.00,0,1,$0.00
3731,LIMIT SWITCH,HZSC-18212,No,,DRYER A,,0,$0.00,0,1,$0.00
3733,LIMIT SWITCH,HZSC-18213,No,,DRYER A,,0,$0.00,0,1,$0.00
3744,LIMIT SWITCH,HZSC-18220A,No,,DRYER A,,0,$0.00,0,1,$0.00
3746,LIMIT SWITCH,HZSC-18220B,No,,DRYER A,,0,$0.00,0,1,$0.00
3748,LIMIT SWITCH - OPEN,HZSO-18148,No,,DRYER A,,0,$0.00,0,1,$0.00
3749,LIMIT SWITCH - OPEN,HZSO-18212,No,,DRYER A,,0,$0.00,0,1,$0.00
2540,SOLENOID TIMER BOARD,KS-18219,No,,DRYER A,,0,$0.00,0,1,$0.00
2899,DC-1802  (Bag House Timed Control Valve),KV-18801,No,,DDG,,0,$0.00,275,1,$275.00
2906,DC-1802  (Bag House Timed Valve Solenoid),KY-18801,No,,DDG,,0,$0.00,0,1,$0.00
3621,RF CAPACITANCE LEVEL SENSOR,LSH-18166A,No,,DRYER A,,0,$0.00,0,1,$0.00
3622,RF CAPACITANCE LEVEL SENSOR,LSH-18166B,No,,DRYER A,,0,$0.00,33.75,1,$33.75
3623,RF CAPACITANCE LEVEL SENSOR,LSH-18167A,No,,DRYER A,,0,$0.00,0,1,$0.00
3624,RF CAPACITANCE LEVEL SENSOR,LSH-18167B,No,,DRYER A,,0,$0.00,0,1,$0.00
3626,RF CAPACITANCE LEVEL SENSOR,LSH-18168A,No,,DRYER A,,0,$0.00,0,1,$0.00
3627,RF CAPACITANCE LEVEL SENSOR,LSH-18168B,No,,DRYER A,,0,$0.00,0,1,$0.00
3630,RF CAPACITANCE LEVEL SENSOR,LSH-18169A,No,,DRYER A,,0,$0.00,0,1,$0.00
3631,RF CAPACITANCE LEVEL SENSOR,LSH-18169B,No,,DRYER A,,0,$0.00,0,1,$0.00
3632,RF CAPACITANCE LEVEL SENSOR,LSH-18210,No,,DRYER A,,0,$0.00,0,1,$0.00
3633,RF CAPACITANCE LEVEL SENSOR,LSH-18214,No,,DRYER A,,0,$0.00,0,1,$0.00
3634,RF CAPACITANCE LEVEL SENSOR,LSH-18221,No,,DRYER A,,0,$0.00,303.75,1,$303.75
3067,DC-1802  (DDGS Product Bag Filter House Level Switch High),LSH-18801,No,,DDG,,45,$45.00,283,1,$283.00
3068,CY-1823 PRODUCT CYCLONE HIGH LEVEL,LSH-18802,No,,DDG,,84.5,$84.50,5183.79,1,"$5,183.79"
6935,"LEVEL SWITCH, MAGNETROL, v2r-d1b0-018",LSH-18909,No,,DDG,,0,$0.00,0,1,$0.00
3405,"HAMMERMILL, WILLIAMS, MODEL GP xxx,",MI-1801,No,,DDG,,15170.98,"$15,170.98",162306.43,1,"$162,306.43"
3569,DRYER D WET CAKE MIXER (MCC-3806),MX-1801D,No,,DRYER D,,0,$0.00,149480.98,1,"$149,480.98"
2568,DR-1826 - HIGH SPEED MIXER,MX-1827,No,,DRYER A,,0,$0.00,0,1,$0.00
2570,MOTOR / 150HP / 1200RPM / TEFC / 575V/3PH/60HZ / FRAME# 447T,MX-1827,No,,DRYER A,,0,$0.00,0,0,$0.00
1116,GOULDS PUMP 3196 MTX,P-1803D,No,,TGF,,0,$0.00,573.67,1,$573.67
1115,GOULDS PUMP 3196 STX,P-1804,No,,TGF,,0,$0.00,0,1,$0.00
2584,MOTOR / 5HP / 3461RPM / NEMA / 575V/3PH/60HZ / FRAME# 182TC,P-1836,No,,DRYER A,,0,$0.00,0,1,$0.00
2601,"PUMP, GRUNDFOS, VERTICAL, CR 15-2 A-GJ-A-E-HQQE",P-1836,No,,DRYER A,,0,$0.00,270,0,$270.00
6660,"PUMP, TACO, 1610-022s, IN-LINE PUMP",P-1837,Yes,,DRYER A,,0,$0.00,1590.26,1,"$1,590.26"
6661,MOTOR / 0.33HP / 1750RPM / TEFC / 575V/3PH/60HZ / FRAME# W56C,P-1837,Yes,,DRYER A,,0,$0.00,0,0,$0.00
1119,GOULDS PUMP 3196 XLTi,P-1840A,No,,DRYER A,,0,$0.00,5234,1,"$5,234.00"
1118,GOULDS PUMP 3196 XLTi,P-1840B,No,,DRYER A,,0,$0.00,4785,1,"$4,785.00"
1117,GOULDS PUMP 3196 MTi,P-1844,No,,DRYER A,,0,$0.00,841.25,1,$841.25
3669,CONDENSATE COLLECTOR TANK PUMP,P-1845,No,,DRYER A,,0,$0.00,0,1,$0.00
6743,"JAMESBURY 1-1/2"" RECA SEGMENTED V PORT BALL VALVE w/QPX1 ACTUATOR AND NELES 9103 POSITONER",PCV-18164,No,,DRYER A,,0,$0.00,713.64,1,$713.64
6711,DC-1834 Compressed Air Pressure Control Valve,PCV-18219,No,,DRYER A,,0,$0.00,0,1,$0.00
3856,DC-1802 (DDGS Product Bag Filter House Compressed Air Pressure Contol Valve),PCV-18802,No,,DDG,,0,$0.00,0,1,$0.00
3760,PRESSURE DIFFERENTIAL SWITCH,PDSL-18180,No,,DRYER A,,0,$0.00,3470,1,$0.00
3943,DC-1802  (DDGS Product Bag Filter House Pressure Differential Transmitter),PDT-18801,No,,DDG,,0,$0.00,833,1,$833.00
3778,"GAUGE, WIKA, MODEL 111.10, 1/4""NPT, 2-1/2"" DIAL, 0-100PSIG",PI-18112,No,,DRYER A,,0,$0.00,0,1,$0.00
3780,"GAUGE, WIKA, MODEL 111.10, 1/4""NPT, 2-1/2"" DIAL, 0-100PSIG",PI-18113,No,,DRYER A,,0,$0.00,0,1,$0.00
3786,"GAUGE, WIKA, MODEL 111.10, 1/4""NPT, 2-1/2"" DIAL, 0-100PSIG",PI-18114,No,,DRYER A,,0,$0.00,0,1,$0.00
3789,"GAUGE, WIKA, MODEL 111.10, 1/4""NPT, 2-1/2"" DIAL, 0-100PSIG",PI-18115,No,,DRYER A,,0,$0.00,0,1,$0.00
3813,"GAUGE, WIKA, MODEL 611.10, 1/4""NPT, 2-1/2"" DIAL, 0-100PSIG",PI-18116,No,,DRYER A,,0,$0.00,0,1,$0.00
3814,"GAUGE, WIKA, MODEL 611.10, 1/4""NPT, 2-1/2"" DIAL, 0-100PSIG",PI-18117,No,,DRYER A,,0,$0.00,0,1,$0.00
3815,PRESSURE INDICATOR,PI-18143,No,,DRYER A,,0,$0.00,0,1,$0.00
3816,PRESSURE INDICATOR,PI-18162,No,,DRYER A,,0,$0.00,0,1,$0.00
3817,PRESSURE INDICATOR,PI-18163,No,,DRYER A,,0,$0.00,0,1,$0.00
3818,PRESSURE INDICATOR,PI-18212,No,,DRYER A,,0,$0.00,0,1,$0.00
3819,PRESSURE INDICATOR,PI-18611,No,,DRYER A,,0,$0.00,0,1,$0.00
3821,PRESSURE INDICATOR,PI-18620,No,,DRYER A,,0,$0.00,0,1,$0.00
4053,DC-1802 (DDGS Product Bag Filter House Compressed Pressure Indicator),PI-18803,No,,DDG,,0,$0.00,0,1,$0.00
3825,"PRESSURE SWITCH, ASHCROFT, LPS-N4-G-B25-XFM-15PSIG, 1/4"" NPT, 0-15PSIG,",PSH-18112,No,,DRYER A,,0,$0.00,0,1,$0.00
3826,"PRESSURE SWITCH, ASHCROFT, LPS-N4-G-B25-XFM-15PSIG, 1/4"" NPT, 0-15PSIG,",PSL-18112,No,,DRYER A,,0,$0.00,0,1,$0.00
3827,PRESSURE SWITCH - LOW,PSL-18113,No,,DRYER A,,0,$0.00,0,1,$0.00
6951,"PSV, MARCER, 3/4""x 1"", 110PSIG, 18.2USGPM",PSV-18621,No,,DRYER A,,0,$0.00,1622.52,1,"$1,622.52"
3635,PRESSURE TRANSMITTER,PT-18125,No,,DRYER A,,0,$0.00,67.5,1,$67.50
3828,PRESSURE TRANSMITTER,PT-18125,No,,DRYER A,,0,$0.00,135,0,$135.00
3636,PRESSURE TRANSMITTER,PT-18133,No,,DRYER A,,0,$0.00,101.25,1,$101.25
3637,PRESSURE TRANSMITTER,PT-18140,Yes,,DRYER A,,0,$0.00,0,1,$0.00
3638,PRESSURE TRANSMITTER,PT-18160,No,,DRYER A,,0,$0.00,0,1,$0.00
3639,PRESSURE TRANSMITTER,PT-18164,No,,DRYER A,,0,$0.00,45,1,$45.00
3642,PRESSURE TRANSMITTER,PT-18165A,No,,DRYER A,,0,$0.00,0,1,$0.00
3643,PRESSURE TRANSMITTER,PT-18165B,No,,DRYER A,,0,$0.00,0,1,$0.00
3644,PRESSURE TRANSMITTER,PT-18215A,Yes,,DRYER A,,0,$0.00,0,1,$0.00
3645,PRESSURE TRANSMITTER,PT-18215B,No,,DRYER A,,0,$0.00,0,1,$0.00
3646,PRESSURE TRANSMITTER,PT-18603,No,,DRYER A,,0,$0.00,22.5,1,$22.50
4611,CY-1823 (AIR INTAKE PRESSURE TRANSMITTER),PT-18810,No,,DDG,,0,$0.00,67.5,1,$67.50
6843,"CONTROL VALVE, FISHER, 2"", MODEL 109863EGR",PV-18112,No,,DRYER A,,0,$0.00,0,1,$0.00
6844,"CONTROL VALVE, FISHER, 1"", MODEL HSR",PV-18113,No,,DRYER A,,0,$0.00,0,1,$0.00
6923,"VALVE, BUTTERFLY, CONTROL EQUIP INC., MODEL#BF=6078-3, 12"" DIA.",PV-18215,No,,DRYER A,,0,$0.00,0,1,$0.00
6924,"ACTUATOR, PNEUMATIC, JAMESBURY, MODEL#VPVL3000SR4/5-BD",PV-18215,No,,DRYER A,,0,$0.00,0,0,$0.00
6925,"POSITIONER, TELEMECHANIQUE, MODEL# XS1M18MA250",PV-18215,No,,DRYER A,,0,$0.00,0,0,$0.00
4850,COOLING TUBE - TO CY-1823 CYCLONE,RC-1802,No,,DDG,,141,$141.00,76422.45,1,"$76,422.45"
4855,DC-1802 BAGHOUSE COOLER ROTARY VALVE (MCC-3814),RV-1802,No,,DDG,,0,$0.00,13663.5,1,"$13,663.50"
4857,"DRYER D, CV-1812D DISCHARGE AIRLOCK",RV-1807D,No,,DRYER D,,0,$0.00,4973.04,1,"$4,973.04"
4859,"DRYER D, CV-1813D CONVEYOR DISCHARGE AIRLOCK",RV-1808D,No,,DRYER D,,25.5,$25.50,11244.09,1,"$11,244.09"
4860,CV-1803D DISCHARGE TO COOLING TUBE,RV-1812,No,,DRYER D,,620,$620.00,4113.5,1,"$4,113.50"
4861,CV-1803D DISCHARGE AIRLOCK,RV-1812D,No,,DRYER D,,1514,"$1,514.00",36440.61,1,"$36,440.61"
4862,PRODUCT CYCLONE ROTARY VALVE (MCC-3805),RV-1823,No,,DDG,,0,$0.00,17710.9,1,"$17,710.90"
4863,DDGS COOLER BLOWER ROTARY VALVE,RV-1824,No,,DDG,,51,$51.00,13247.3,1,"$13,247.30"
2872,ROTARY VALVE - SWISS COMBI 600x420x420,RV-1828,No,,DRYER A,,0,$0.00,14855.63,1,$0.00
3573,MOTOR / 5HP / 1800RPM / NEMA / 575V/3PH/60HZ / FRAME# 182/4TC TEFC Brake Motor,RV-1828,No,,DRYER A,,0,$0.00,0,0,$0.00
3575,GEARBOX,RV-1828,No,,DRYER A,,0,$0.00,0,0,$0.00
2873,ROTARY VALVE - SWISS COMBI 600x420x420,RV-1830,No,,DRYER A,,0,$0.00,14855.63,1,$0.00
3574,MOTOR / 5HP / 1755RPM / NEMA / 575V/3PH/60HZ / FRAME# 184TC,RV-1830,No,,DRYER A,,0,$0.00,0,0,$0.00
3576,GEARBOX,RV-1830,No,,DRYER A,,0,$0.00,0,0,$0.00
2874,DRYER A - CYCLONE ROTARY VALVE,RV-1831,No,,DRYER A,,0,$0.00,14855.63,1,$0.00
3579,GEARBOX,RV-1831,No,,DRYER A,,0,$0.00,0,0,$0.00
3580,MOTOR / 5HP / 1755RPM / NEMA / 575V/3PH/60HZ / FRAME# 184TC,RV-1831,No,,DRYER A,,0,$0.00,0,0,$0.00
2875,ROTARY VALVE - SWISS COMBI 600x420x420,RV-1832,No,,DRYER A,,0,$0.00,14855.63,1,$0.00
3577,MOTOR / 5HP / 1755RPM / NEMA / 575V/3PH/60HZ / FRAME# 184TC,RV-1832,No,,DRYER A,,0,$0.00,0,0,$0.00
3578,GEARBOX,RV-1832,No,,DRYER A,,0,$0.00,0,0,$0.00
2876,"ROTARY VALVE, KICE, MODEL VJX 16x12x12",RV-1834,Yes,,DRYER A,,0,$0.00,1312.94,1,"$1,312.94"
3060,MOTOR / 1HP / 1725RPM / TEFC / 575V/3PH/60HZ / FRAME# 145C,RV-1834,Yes,,DRYER A,,0,$0.00,0,0,$0.00
3411,"GEARBOX, SM CYCLODRIVE CNHX-6100-Y",RV-1834,Yes,,DRYER A,,0,$0.00,0,0,$0.00
2931,CV-1836 - DDG ROTARY VALVE,RV-1836,No,,DRYER A,,0,$0.00,14855.63,1,$0.00
3270,MOTOR / 3HP / 1800RPM / TEFC / 575V/3PH/60HZ / FRAME# 182TC,RV-1836,No,,DRYER A,,0,$0.00,0,0,$0.00
3274,SM CYCLODRIVE CNHX-6120-Y,RV-1836,No,,DRYER A,,0,$0.00,0,0,$0.00
3653,COMPACT SPEED MONITOR,SSL-18141,No,,DRYER A,,0,$0.00,90,1,$90.00
3667,INDUCTIVE SENSOR,SSL-18149,No,,DRYER A,,0,$0.00,0,1,$0.00
3654,COMPACT SPEED MONITOR,SSL-18150,No,,DRYER A,,0,$0.00,0,1,$0.00
3668,INDUCTIVE SENSOR,SSL-18151,No,,DRYER A,,0,$0.00,0,1,$0.00
3670,INDUCTIVE SENSOR,SSL-18152,No,,DRYER A,,0,$0.00,0,1,$0.00
3660,COMPACT SPEED MONITOR,SSL-18153A,No,,DRYER A,,0,$0.00,0,1,$0.00
3661,COMPACT SPEED MONITOR,SSL-18153B,No,,DRYER A,,0,$0.00,0,1,$0.00
3672,INDUCTIVE SENSOR,SSL-18154,No,,DRYER A,,0,$0.00,0,1,$0.00
3662,COMPACT SPEED MONITOR,SSL-18155,No,,DRYER A,,0,$0.00,0,1,$0.00
3664,COMPACT SPEED MONITOR,SSL-18156,No,,DRYER A,,0,$0.00,0,1,$0.00
3671,INDUCTIVE SENSOR,SSL-18170,No,,DRYER A,,0,$0.00,0,1,$0.00
3835,INDUCTIVE SENSOR,SSL-18171,No,,DRYER A,,0,$0.00,0,1,$0.00
3665,COMPACT SPEED MONITOR,SSL-18172,No,,DRYER A,,0,$0.00,0,1,$0.00
3666,COMPACT SPEED MONITOR,SSL-18173,No,,DRYER A,,0,$0.00,0,1,$0.00
3836,PROXIMITY SPEED SWITCH,SSL-18216,No,,DRYER A,,0,$0.00,0,1,$0.00
3673,PULSER DISC SENSOR SWITCH,SSL-18222,No,,DRYER A,,0,$0.00,0,1,$0.00
3838,PROXIMITY SPEED SWITCH,SSL-18510,No,,DRYER A,,0,$0.00,0,1,$0.00
3846,PROXIMITY SPEED SWITCH,SSL-18511,No,,DRYER A,,0,$0.00,0,1,$0.00
3674,PULSER DISC SENSOR SWITCH,SSL-18513,No,,DRYER A,,0,$0.00,0,1,$0.00
4964,DC-1802 (Bag House Cooler Rotary Valve Speed Switch - Low),SSL-18801,No,,DDG,,0,$0.00,0,1,$0.00
4965,CV-1805 (Product Discharge Conveyor Speed Switch - Low),SSL-18802,No,,DDG,,0,$0.00,0,1,$0.00
4966,BE-1805 (Product Bucket Elevator Speed Switch - Low),SSL-18803,No,,DDG,,0,$0.00,0,1,$0.00
4967,DC-1802 (Bag House Cooler Discharge Conveyor Speed Switch - Low),SSL-18804,No,,DDG,,0,$0.00,0,1,$0.00
4968,RV-1823 PRODUCT CYCLONE RV SPEED SWITCH,SSL-18805,No,,DDG,,0,$0.00,68,1,$68.00
4969,CV-1823 PRODUCT CYCLONE CONVEYOR SPEED SWITCH,SSL-18806,No,,DDG,,0,$0.00,34,1,$34.00
5000,"STACK, FENCO, 250' SELF SUPPORTING,",ST-1801D,No,,TGF,,-1017.92,"-$1,017.92",161101.91,1,"$161,101.91"
3868,TEMPERATURE ELEMENT,TE-18179A,No,,DRYER A,,0,$0.00,0,1,$0.00
3898,TEMPERATURE ELEMENT,TE-18179B,No,,DRYER A,,0,$0.00,0,1,$0.00
3899,TEMPERATURE ELEMENT,TE-18179C,No,,DRYER A,,0,$0.00,0,1,$0.00
3900,TEMPERATURE ELEMENT,TE-18179D,No,,DRYER A,,0,$0.00,0,1,$0.00
3908,TEMPERATURE ELEMENT,TE-18179E,No,,DRYER A,,0,$0.00,0,1,$0.00
3958,TEMPERATURE ELEMENT,TE-18180A,No,,DRYER A,,0,$0.00,0,1,$0.00
3960,TEMPERATURE ELEMENT,TE-18180B,No,,DRYER A,,0,$0.00,0,1,$0.00
3967,TEMPERATURE ELEMENT,TE-18180C,No,,DRYER A,,0,$0.00,0,1,$0.00
3981,TEMPERATURE ELEMENT,TE-18180D,No,,DRYER A,,0,$0.00,0,1,$0.00
3982,TEMPERATURE ELEMENT,TE-18180E,No,,DRYER A,,0,$0.00,0,1,$0.00
3864,TEMPERATURE ELEMENT,TE-18616,No,,,,0,$0.00,0,1,$0.00
5472,DRAIN SEAL TANK,TK-1844,No,,TGF,,67.5,$67.50,67.5,1,$67.50
5473,CONDENSATE COLLECTOR TANK,TK-1845,No,,TGF,,0,$0.00,0,1,$0.00
5540,TEMPERATURE SWITCH HIGH E-1824,TSH-18903,No,,,,180,$180.00,1184,1,"$1,184.00"
6892,"TEMP TRANSMITTER, E&H, iTEMP TMT72",TT-18117A,No,,DRYER A,,0,$0.00,45,1,$45.00
6893,"TEMP TRANSMITTER, E&H, iTEMP TMT72",TT-18117B,No,,DRYER A,,0,$0.00,45,1,$45.00
6894,"TEMP TRANSMITTER, E&H, iTEMP TMT72",TT-18118,No,,DRYER A,,0,$0.00,45,1,$45.00
3675,TEMPERATURE TRANSMITTER,TT-18134,No,,DRYER A,,0,$0.00,0,1,$0.00
3983,TEMPERATURE TRANSMITTER,TT-18134,No,,DRYER A,,0,$0.00,0,0,$0.00
3676,TEMPERATURE TRANSMITTER,TT-18135,No,,DRYER A,,0,$0.00,0,1,$0.00
4001,TEMPERATURE TRANSMITTER,TT-18135,No,,DRYER A,,0,$0.00,0,0,$0.00
4002,TEMPERATURE TRANSMITTER,TT-18140,No,,DRYER A,,0,$0.00,0,1,$0.00
4074,TEMPERATURE TRANSMITTER,TT-18147A,No,,DRYER A,,0,$0.00,0,1,$0.00
4075,TEMPERATURE TRANSMITTER,TT-18147B,No,,DRYER A,,0,$0.00,0,1,$0.00
4077,TEMPERATURE TRANSMITTER,TT-18166A,No,,DRYER A,,0,$0.00,0,1,$0.00
4078,TEMPERATURE TRANSMITTER,TT-18166B,No,,DRYER A,,0,$0.00,0,1,$0.00
4079,TEMPERATURE TRANSMITTER,TT-18166C,No,,DRYER A,,0,$0.00,0,1,$0.00
4084,TEMPERATURE TRANSMITTER,TT-18167A,No,,DRYER A,,0,$0.00,0,1,$0.00
4085,TEMPERATURE TRANSMITTER,TT-18167B,No,,DRYER A,,0,$0.00,0,1,$0.00
4114,TEMPERATURE TRANSMITTER,TT-18167C,No,,DRYER A,,0,$0.00,0,1,$0.00
4117,TEMPERATURE TRANSMITTER,TT-18168A,No,,DRYER A,,0,$0.00,0,1,$0.00
4119,TEMPERATURE TRANSMITTER,TT-18168B,No,,DRYER A,,0,$0.00,0,1,$0.00
4120,TEMPERATURE TRANSMITTER,TT-18168C,No,,DRYER A,,0,$0.00,0,1,$0.00
4131,TEMPERATURE TRANSMITTER,TT-18169A,No,,DRYER A,,0,$0.00,0,1,$0.00
4135,TEMPERATURE TRANSMITTER,TT-18169B,No,,DRYER A,,0,$0.00,0,1,$0.00
4140,TEMPERATURE TRANSMITTER,TT-18169C,No,,DRYER A,,0,$0.00,0,1,$0.00
4003,TEMPERATURE TRANSMITTER,TT-18217,No,,DRYER A,,0,$0.00,0,1,$0.00
4072,TEMPERATURE TRANSMITTER,TT-18218,No,,DRYER A,,0,$0.00,0,1,$0.00
4073,TEMPERATURE TRANSMITTER,TT-18603,No,,DRYER A,,0,$0.00,245,1,$245.00
5631,TEMPERATURE TRANSMITTER,TT-18910,No,,DRYER A,,0,$0.00,79,1,$79.00
6917,"ACTUATOR, PNEUMATIC, JAMESBURY, MODEL#VPVL450SR4/5-BD",TV-18117A,No,,DRYER A,,0,$0.00,0,1,$0.00
6918,"POSITIONER, TELEMECHANIQUE, MODEL# XS1M18MA250",TV-18117A,No,,DRYER A,,0,$0.00,0,0,$0.00
6919,"VALVE, BUTTERFLY, COMENCO, MODEL#PAH-1285-56.0-KZI, 24"" DIA",TV-18117A,No,,DRYER A,,0,$0.00,996.65,0,$996.65
6920,"ACTUATOR, PNEUMATIC, JAMESBURY, MODEL#VPVL600SR4/5-BD",TV-18117B,No,,DRYER A,,0,$0.00,0,1,$0.00
6921,"POSITIONER, TELEMECHANIQUE, MODEL# XS1M18MA250",TV-18117B,No,,DRYER A,,0,$0.00,0,0,$0.00
6922,"VALVE, BUTTERFLY, CONTROL EQUIP INC., MODEL#BF=6078-1, 30"" DIA.",TV-18117B,No,,DRYER A,,0,$0.00,0,0,$0.00
6663,STEAM UNIT HEATER,UH-1800-1,No,,DRYER A,,0,$0.00,0,1,$0.00
6664,STEAM UNIT HEATER,UH-1800-2,No,,DRYER A,,0,$0.00,0,1,$0.00
6312,DRYER D COMBUSTION CHAMBER,V-1801D,No,,DRYER D,,0,$0.00,9689.16,1,"$9,689.16"
3605,MIXING CHAMBER - DRYER A,V-1825,No,,DRYER A,,0,$0.00,30255.45,1,"$30,255.45"
4731,VIBRATION TRANSMITTER,VT-18179A,No,,DRYER A,,0,$0.00,0,1,$0.00
4789,VIBRATION TRANSMITTER,VT-18179B,No,,DRYER A,,0,$0.00,0,1,$0.00
4866,VIBRATION TRANSMITTER,VT-18180A,No,,DRYER A,,0,$0.00,0,1,$0.00
4869,VIBRATION TRANSMITTER,VT-18180B,No,,DRYER A,,0,$0.00,0,1,$0.00
4873,WEIGHT ELEMENT,WE-18153A,No,,DRYER A,,0,$0.00,0,1,$0.00
4880,WEIGHT ELEMENT,WE-18153B,No,,DRYER A,,0,$0.00,0,1,$0.00
5525,WEIGHT TRANSMITTER,WT-18153,No,,DRYER A,,0,$0.00,0,1,$0.00
5530,PARTICULATE MONITOR,XE-18178A,No,,DRYER A,,0,$0.00,0,1,$0.00
5539,PARTICULATE MONITOR,XE-18178B,No,,DRYER A,,0,$0.00,0,1,$0.00
5800,PARTICULATE MONITOR,XE-18223A,No,,DRYER A,,0,$0.00,45,1,$45.00
6648,PARTICULATE MONITOR,XE-18223B,No,,DRYER A,,0,$0.00,45,1,$45.00
6933,"VALVE, CONTROL, MAXON, CMA11(5000CP), 4""",XV-18111,No,,DRYER A,,0,$0.00,0,1,$0.00
6932,"VALVE, SOLENOID, ASCO, JKP8214G251C, 1"", NC",XV-18113,No,,DRYER A,,0,$0.00,0,1,$0.00
6934,"VALVE, CONTROL, MAXON, SMA21, 2""",XV-18116,No,,DRYER A,,0,$0.00,0,1,$0.00
6264,PNEUMATIC CONTROL VALVE,XV-18119A,No,,DRYER A,,0,$0.00,0,1,$0.00
6277,PNEUMATIC CONTROL VALVE,XV-18120,No,,DRYER A,,0,$0.00,0,1,$0.00
6382,PNEUMATIC CONTROL VALVE,XV-18121,No,,DRYER A,,0,$0.00,0,1,$0.00
6383,PNEUMATIC CONTROL VALVE,XV-18142A,No,,DRYER A,,0,$0.00,0,1,$0.00
6397,PNEUMATIC CONTROL VALVE,XV-18148A,No,,DRYER A,,0,$0.00,0,1,$0.00
6891,PNEUMATIC CONTROL VALVE,XV-18174A,No,,DRYER A,,0,$0.00,307.5,1,$307.50
6399,PNEUMATIC CONTROL VALVE,XV-18174B,No,,DRYER A,,0,$0.00,541.44,1,$541.44
6400,PNEUMATIC CONTROL VALVE,XV-18176A,No,,DRYER A,,0,$0.00,1207.5,1,"$1,207.50"
6926,"VALVE, BUTTERFLY, CONTROL EQUIP INC., MODEL#BF=6078-4, 42"" DIA.",XV-18182,No,,DRYER A,,0,$0.00,0,1,$0.00
6928,"ACTUATOR, PNEUMATIC, JAMESBURY, MODEL#VPVL650SR4/5-BD",XV-18182,No,,DRYER A,,0,$0.00,0,0,$0.00
6930,"POSITIONER, TELEMECHANIQUE, MODEL# XS1M18MA250",XV-18182,No,,DRYER A,,0,$0.00,0,0,$0.00
6927,"VALVE, BUTTERFLY, CONTROL EQUIP INC., MODEL#BF=6078-5, 48"" DIA.",XV-18183,No,,DRYER A,,0,$0.00,0,1,$0.00
6929,"ACTUATOR, PNEUMATIC, JAMESBURY, MODEL#VPVL650SR4/5-BD",XV-18183,No,,DRYER A,,0,$0.00,0,0,$0.00
6931,"POSITIONER, TELEMECHANIQUE, MODEL# XS1M18MA250",XV-18183,No,,DRYER A,,0,$0.00,0,0,$0.00
6251,PNEUMATIC CONTROL VALVE,XV-18211,No,,DRYER A,,0,$0.00,0,1,$0.00
6495,LIMIT SWITCH,XZSC-18111,No,,DRYER A,,0,$0.00,0,1,$0.00
6508,LIMIT SWITCH,XZSC-18112,No,,DRYER A,,0,$0.00,0,1,$0.00
6509,LIMIT SWITCH,XZSC-18113,No,,DRYER A,,0,$0.00,0,1,$0.00
6616,LIMIT SWITCH,XZSC-18114,No,,DRYER A,,0,$0.00,0,1,$0.00
6617,LIMIT SWITCH,XZSC-18119,No,,DRYER A,,0,$0.00,0,1,$0.00
6618,LIMIT SWITCH,XZSC-18120,No,,DRYER A,,0,$0.00,0,1,$0.00
6619,LIMIT SWITCH,XZSC-18121,No,,DRYER A,,0,$0.00,0,1,$0.00
6620,LIMIT SWITCH,XZSC-18142,No,,DRYER A,,0,$0.00,0,1,$0.00
6621,LIMIT SWITCH,XZSC-18174,No,,DRYER A,,0,$0.00,0,1,$0.00
6622,LIMIT SWITCH,XZSC-18176,No,,DRYER A,,0,$0.00,0,1,$0.00
6630,LIMIT SWITCH,XZSO-18111,No,,DRYER A,,0,$0.00,0,1,$0.00
6631,LIMIT SWITCH,XZSO-18112,No,,DRYER A,,0,$0.00,0,1,$0.00
6632,LIMIT SWITCH,XZSO-18112,No,,DRYER A,,0,$0.00,0,0,$0.00
6633,LIMIT SWITCH,XZSO-18113,No,,DRYER A,,0,$0.00,0,1,$0.00
6634,LIMIT SWITCH,XZSO-18119,No,,DRYER A,,0,$0.00,0,1,$0.00
6635,LIMIT SWITCH,XZSO-18120,No,,DRYER A,,0,$0.00,0,1,$0.00
6636,LIMIT SWITCH,XZSO-18121,No,,DRYER A,,0,$0.00,0,1,$0.00
6637,LIMIT SWITCH,XZSO-18142,No,,DRYER A,,0,$0.00,0,1,$0.00
6638,LIMIT SWITCH,XZSO-18174,No,,DRYER A,,0,$0.00,0,1,$0.00
6639,LIMIT SWITCH,XZSO-18176,No,,DRYER A,,0,$0.00,0,1,$0.00
